"Date","AQS_SITE_ID","POC","Daily Max 8-hour Ozone Concentration","UNITS","DAILY_AQI_VALUE","DAILY_OBS_COUNT","PERCENT_COMPLETE","AQS_PARAMETER_CODE","AQS_PARAMETER_DESC","CSA_CODE","CSA_NAME","CBSA_CODE","CBSA_NAME","STATE_CODE","STATE","COUNTY_CODE","COUNTY","SITE_LATITUDE","SITE_LONGITUDE"
"04/15/2001","55-059-0019","1","0.05700","ppm","48.00","24","100.0000","44201","Ozone","176","Chicago-Naperville-Michigan City, IL-IN-WI","16980","Chicago-Naperville-Joliet, IL-IN-WI","55","Wisconsin","059","Kenosha","42.504722","-87.809300"
"04/16/2001","55-059-0019","1","0.04200","ppm","36.00","24","100.0000","44201","Ozone","176","Chicago-Naperville-Michigan City, IL-IN-WI","16980","Chicago-Naperville-Joliet, IL-IN-WI","55","Wisconsin","059","Kenosha","42.504722","-87.809300"
"04/17/2001","55-059-0019","1","0.05200","ppm","44.00","24","100.0000","44201","Ozone","176","Chicago-Naperville-Michigan City, IL-IN-WI","16980","Chicago-Naperville-Joliet, IL-IN-WI","55","Wisconsin","059","Kenosha","42.504722","-87.809300"
"04/18/2001","55-059-0019","1","0.03700","ppm","31.00","24","100.0000","44201","Ozone","176","Chicago-Naperville-Michigan City, IL-IN-WI","16980","Chicago-Naperville-Joliet, IL-IN-WI","55","Wisconsin","059","Kenosha","42.504722","-87.809300"
"04/19/2001","55-059-0019","1","0.05700","ppm","48.00","24","100.0000","44201","Ozone","176","Chicago-Naperville-Michigan City, IL-IN-WI","16980","Chicago-Naperville-Joliet, IL-IN-WI","55","Wisconsin","059","Kenosha","42.504722","-87.809300"
"04/20/2001","55-059-0019","1","0.04900","ppm","42.00","24","100.0000","44201","Ozone","176","Chicago-Naperville-Michigan City, IL-IN-WI","16980","Chicago-Naperville-Joliet, IL-IN-WI","55","Wisconsin","059","Kenosha","42.504722","-87.809300"
"04/21/2001","55-059-0019","1","0.05200","ppm","44.00","24","100.0000","44201","Ozone","176","Chicago-Naperville-Michigan City, IL-IN-WI","16980","Chicago-Naperville-Joliet, IL-IN-WI","55","Wisconsin","059","Kenosha","42.504722","-87.809300"
"04/22/2001","55-059-0019","1","0.03900","ppm","33.00","24","100.0000","44201","Ozone","176","Chicago-Naperville-Michigan City, IL-IN-WI","16980","Chicago-Naperville-Joliet, IL-IN-WI","55","Wisconsin","059","Kenosha","42.504722","-87.809300"
"04/23/2001","55-059-0019","1","0.04000","ppm","34.00","24","100.0000","44201","Ozone","176","Chicago-Naperville-Michigan City, IL-IN-WI","16980","Chicago-Naperville-Joliet, IL-IN-WI","55","Wisconsin","059","Kenosha","42.504722","-87.809300"
"04/24/2001","55-059-0019","1","0.04800","ppm","41.00","24","100.0000","44201","Ozone","176","Chicago-Naperville-Michigan City, IL-IN-WI","16980","Chicago-Naperville-Joliet, IL-IN-WI","55","Wisconsin","059","Kenosha","42.504722","-87.809300"
"04/25/2001","55-059-0019","1","0.04500","ppm","38.00","24","100.0000","44201","Ozone","176","Chicago-Naperville-Michigan City, IL-IN-WI","16980","Chicago-Naperville-Joliet, IL-IN-WI","55","Wisconsin","059","Kenosha","42.504722","-87.809300"
"04/26/2001","55-059-0019","1","0.06300","ppm","61.00","24","100.0000","44201","Ozone","176","Chicago-Naperville-Michigan City, IL-IN-WI","16980","Chicago-Naperville-Joliet, IL-IN-WI","55","Wisconsin","059","Kenosha","42.504722","-87.809300"
"04/27/2001","55-059-0019","1","0.05100","ppm","43.00","24","100.0000","44201","Ozone","176","Chicago-Naperville-Michigan City, IL-IN-WI","16980","Chicago-Naperville-Joliet, IL-IN-WI","55","Wisconsin","059","Kenosha","42.504722","-87.809300"
"04/28/2001","55-059-0019","1","0.04500","ppm","38.00","20","83.0000","44201","Ozone","176","Chicago-Naperville-Michigan City, IL-IN-WI","16980","Chicago-Naperville-Joliet, IL-IN-WI","55","Wisconsin","059","Kenosha","42.504722","-87.809300"
"05/02/2001","55-059-0019","1","0.06300","ppm","61.00","24","100.0000","44201","Ozone","176","Chicago-Naperville-Michigan City, IL-IN-WI","16980","Chicago-Naperville-Joliet, IL-IN-WI","55","Wisconsin","059","Kenosha","42.504722","-87.809300"
"05/03/2001","55-059-0019","1","0.05700","ppm","48.00","24","100.0000","44201","Ozone","176","Chicago-Naperville-Michigan City, IL-IN-WI","16980","Chicago-Naperville-Joliet, IL-IN-WI","55","Wisconsin","059","Kenosha","42.504722","-87.809300"
"05/04/2001","55-059-0019","1","0.04900","ppm","42.00","24","100.0000","44201","Ozone","176","Chicago-Naperville-Michigan City, IL-IN-WI","16980","Chicago-Naperville-Joliet, IL-IN-WI","55","Wisconsin","059","Kenosha","42.504722","-87.809300"
"05/05/2001","55-059-0019","1","0.04800","ppm","41.00","24","100.0000","44201","Ozone","176","Chicago-Naperville-Michigan City, IL-IN-WI","16980","Chicago-Naperville-Joliet, IL-IN-WI","55","Wisconsin","059","Kenosha","42.504722","-87.809300"
"05/06/2001","55-059-0019","1","0.05800","ppm","49.00","24","100.0000","44201","Ozone","176","Chicago-Naperville-Michigan City, IL-IN-WI","16980","Chicago-Naperville-Joliet, IL-IN-WI","55","Wisconsin","059","Kenosha","42.504722","-87.809300"
"05/07/2001","55-059-0019","1","0.04100","ppm","35.00","24","100.0000","44201","Ozone","176","Chicago-Naperville-Michigan City, IL-IN-WI","16980","Chicago-Naperville-Joliet, IL-IN-WI","55","Wisconsin","059","Kenosha","42.504722","-87.809300"
"05/08/2001","55-059-0019","1","0.06100","ppm","54.00","24","100.0000","44201","Ozone","176","Chicago-Naperville-Michigan City, IL-IN-WI","16980","Chicago-Naperville-Joliet, IL-IN-WI","55","Wisconsin","059","Kenosha","42.504722","-87.809300"
"05/09/2001","55-059-0019","1","0.07200","ppm","90.00","24","100.0000","44201","Ozone","176","Chicago-Naperville-Michigan City, IL-IN-WI","16980","Chicago-Naperville-Joliet, IL-IN-WI","55","Wisconsin","059","Kenosha","42.504722","-87.809300"
"05/10/2001","55-059-0019","1","0.05900","ppm","50.00","24","100.0000","44201","Ozone","176","Chicago-Naperville-Michigan City, IL-IN-WI","16980","Chicago-Naperville-Joliet, IL-IN-WI","55","Wisconsin","059","Kenosha","42.504722","-87.809300"
"05/11/2001","55-059-0019","1","0.04300","ppm","36.00","24","100.0000","44201","Ozone","176","Chicago-Naperville-Michigan City, IL-IN-WI","16980","Chicago-Naperville-Joliet, IL-IN-WI","55","Wisconsin","059","Kenosha","42.504722","-87.809300"
"05/12/2001","55-059-0019","1","0.04800","ppm","41.00","24","100.0000","44201","Ozone","176","Chicago-Naperville-Michigan City, IL-IN-WI","16980","Chicago-Naperville-Joliet, IL-IN-WI","55","Wisconsin","059","Kenosha","42.504722","-87.809300"
"05/13/2001","55-059-0019","1","0.05300","ppm","45.00","24","100.0000","44201","Ozone","176","Chicago-Naperville-Michigan City, IL-IN-WI","16980","Chicago-Naperville-Joliet, IL-IN-WI","55","Wisconsin","059","Kenosha","42.504722","-87.809300"
"05/14/2001","55-059-0019","1","0.05400","ppm","46.00","24","100.0000","44201","Ozone","176","Chicago-Naperville-Michigan City, IL-IN-WI","16980","Chicago-Naperville-Joliet, IL-IN-WI","55","Wisconsin","059","Kenosha","42.504722","-87.809300"
"05/15/2001","55-059-0019","1","0.06300","ppm","61.00","24","100.0000","44201","Ozone","176","Chicago-Naperville-Michigan City, IL-IN-WI","16980","Chicago-Naperville-Joliet, IL-IN-WI","55","Wisconsin","059","Kenosha","42.504722","-87.809300"
"05/16/2001","55-059-0019","1","0.05800","ppm","49.00","24","100.0000","44201","Ozone","176","Chicago-Naperville-Michigan City, IL-IN-WI","16980","Chicago-Naperville-Joliet, IL-IN-WI","55","Wisconsin","059","Kenosha","42.504722","-87.809300"
"05/17/2001","55-059-0019","1","0.06700","ppm","74.00","24","100.0000","44201","Ozone","176","Chicago-Naperville-Michigan City, IL-IN-WI","16980","Chicago-Naperville-Joliet, IL-IN-WI","55","Wisconsin","059","Kenosha","42.504722","-87.809300"
"05/18/2001","55-059-0019","1","0.05700","ppm","48.00","24","100.0000","44201","Ozone","176","Chicago-Naperville-Michigan City, IL-IN-WI","16980","Chicago-Naperville-Joliet, IL-IN-WI","55","Wisconsin","059","Kenosha","42.504722","-87.809300"
"05/19/2001","55-059-0019","1","0.05400","ppm","46.00","24","100.0000","44201","Ozone","176","Chicago-Naperville-Michigan City, IL-IN-WI","16980","Chicago-Naperville-Joliet, IL-IN-WI","55","Wisconsin","059","Kenosha","42.504722","-87.809300"
"05/20/2001","55-059-0019","1","0.07500","ppm","100.00","24","100.0000","44201","Ozone","176","Chicago-Naperville-Michigan City, IL-IN-WI","16980","Chicago-Naperville-Joliet, IL-IN-WI","55","Wisconsin","059","Kenosha","42.504722","-87.809300"
"05/21/2001","55-059-0019","1","0.04500","ppm","38.00","24","100.0000","44201","Ozone","176","Chicago-Naperville-Michigan City, IL-IN-WI","16980","Chicago-Naperville-Joliet, IL-IN-WI","55","Wisconsin","059","Kenosha","42.504722","-87.809300"
"05/22/2001","55-059-0019","1","0.03800","ppm","32.00","24","100.0000","44201","Ozone","176","Chicago-Naperville-Michigan City, IL-IN-WI","16980","Chicago-Naperville-Joliet, IL-IN-WI","55","Wisconsin","059","Kenosha","42.504722","-87.809300"
"05/23/2001","55-059-0019","1","0.03600","ppm","31.00","24","100.0000","44201","Ozone","176","Chicago-Naperville-Michigan City, IL-IN-WI","16980","Chicago-Naperville-Joliet, IL-IN-WI","55","Wisconsin","059","Kenosha","42.504722","-87.809300"
"05/24/2001","55-059-0019","1","0.05200","ppm","44.00","24","100.0000","44201","Ozone","176","Chicago-Naperville-Michigan City, IL-IN-WI","16980","Chicago-Naperville-Joliet, IL-IN-WI","55","Wisconsin","059","Kenosha","42.504722","-87.809300"
"05/25/2001","55-059-0019","1","0.04900","ppm","42.00","24","100.0000","44201","Ozone","176","Chicago-Naperville-Michigan City, IL-IN-WI","16980","Chicago-Naperville-Joliet, IL-IN-WI","55","Wisconsin","059","Kenosha","42.504722","-87.809300"
"05/26/2001","55-059-0019","1","0.04400","ppm","37.00","24","100.0000","44201","Ozone","176","Chicago-Naperville-Michigan City, IL-IN-WI","16980","Chicago-Naperville-Joliet, IL-IN-WI","55","Wisconsin","059","Kenosha","42.504722","-87.809300"
"05/27/2001","55-059-0019","1","0.04200","ppm","36.00","24","100.0000","44201","Ozone","176","Chicago-Naperville-Michigan City, IL-IN-WI","16980","Chicago-Naperville-Joliet, IL-IN-WI","55","Wisconsin","059","Kenosha","42.504722","-87.809300"
"05/28/2001","55-059-0019","1","0.05200","ppm","44.00","24","100.0000","44201","Ozone","176","Chicago-Naperville-Michigan City, IL-IN-WI","16980","Chicago-Naperville-Joliet, IL-IN-WI","55","Wisconsin","059","Kenosha","42.504722","-87.809300"
"05/29/2001","55-059-0019","1","0.04000","ppm","34.00","24","100.0000","44201","Ozone","176","Chicago-Naperville-Michigan City, IL-IN-WI","16980","Chicago-Naperville-Joliet, IL-IN-WI","55","Wisconsin","059","Kenosha","42.504722","-87.809300"
"05/30/2001","55-059-0019","1","0.04900","ppm","42.00","24","100.0000","44201","Ozone","176","Chicago-Naperville-Michigan City, IL-IN-WI","16980","Chicago-Naperville-Joliet, IL-IN-WI","55","Wisconsin","059","Kenosha","42.504722","-87.809300"
"05/31/2001","55-059-0019","1","0.05000","ppm","42.00","24","100.0000","44201","Ozone","176","Chicago-Naperville-Michigan City, IL-IN-WI","16980","Chicago-Naperville-Joliet, IL-IN-WI","55","Wisconsin","059","Kenosha","42.504722","-87.809300"
"06/01/2001","55-059-0019","1","0.05200","ppm","44.00","24","100.0000","44201","Ozone","176","Chicago-Naperville-Michigan City, IL-IN-WI","16980","Chicago-Naperville-Joliet, IL-IN-WI","55","Wisconsin","059","Kenosha","42.504722","-87.809300"
"06/02/2001","55-059-0019","1","0.03700","ppm","31.00","24","100.0000","44201","Ozone","176","Chicago-Naperville-Michigan City, IL-IN-WI","16980","Chicago-Naperville-Joliet, IL-IN-WI","55","Wisconsin","059","Kenosha","42.504722","-87.809300"
"06/03/2001","55-059-0019","1","0.02600","ppm","22.00","24","100.0000","44201","Ozone","176","Chicago-Naperville-Michigan City, IL-IN-WI","16980","Chicago-Naperville-Joliet, IL-IN-WI","55","Wisconsin","059","Kenosha","42.504722","-87.809300"
"06/04/2001","55-059-0019","1","0.02900","ppm","25.00","24","100.0000","44201","Ozone","176","Chicago-Naperville-Michigan City, IL-IN-WI","16980","Chicago-Naperville-Joliet, IL-IN-WI","55","Wisconsin","059","Kenosha","42.504722","-87.809300"
"06/05/2001","55-059-0019","1","0.02900","ppm","25.00","24","100.0000","44201","Ozone","176","Chicago-Naperville-Michigan City, IL-IN-WI","16980","Chicago-Naperville-Joliet, IL-IN-WI","55","Wisconsin","059","Kenosha","42.504722","-87.809300"
"06/06/2001","55-059-0019","1","0.04200","ppm","36.00","24","100.0000","44201","Ozone","176","Chicago-Naperville-Michigan City, IL-IN-WI","16980","Chicago-Naperville-Joliet, IL-IN-WI","55","Wisconsin","059","Kenosha","42.504722","-87.809300"
"06/07/2001","55-059-0019","1","0.04800","ppm","41.00","24","100.0000","44201","Ozone","176","Chicago-Naperville-Michigan City, IL-IN-WI","16980","Chicago-Naperville-Joliet, IL-IN-WI","55","Wisconsin","059","Kenosha","42.504722","-87.809300"
"06/08/2001","55-059-0019","1","0.05400","ppm","46.00","24","100.0000","44201","Ozone","176","Chicago-Naperville-Michigan City, IL-IN-WI","16980","Chicago-Naperville-Joliet, IL-IN-WI","55","Wisconsin","059","Kenosha","42.504722","-87.809300"
"06/09/2001","55-059-0019","1","0.07800","ppm","106.00","24","100.0000","44201","Ozone","176","Chicago-Naperville-Michigan City, IL-IN-WI","16980","Chicago-Naperville-Joliet, IL-IN-WI","55","Wisconsin","059","Kenosha","42.504722","-87.809300"
"06/10/2001","55-059-0019","1","0.06600","ppm","71.00","24","100.0000","44201","Ozone","176","Chicago-Naperville-Michigan City, IL-IN-WI","16980","Chicago-Naperville-Joliet, IL-IN-WI","55","Wisconsin","059","Kenosha","42.504722","-87.809300"
"06/11/2001","55-059-0019","1","0.07400","ppm","97.00","24","100.0000","44201","Ozone","176","Chicago-Naperville-Michigan City, IL-IN-WI","16980","Chicago-Naperville-Joliet, IL-IN-WI","55","Wisconsin","059","Kenosha","42.504722","-87.809300"
"06/12/2001","55-059-0019","1","0.07000","ppm","84.00","24","100.0000","44201","Ozone","176","Chicago-Naperville-Michigan City, IL-IN-WI","16980","Chicago-Naperville-Joliet, IL-IN-WI","55","Wisconsin","059","Kenosha","42.504722","-87.809300"
"06/13/2001","55-059-0019","1","0.09900","ppm","159.00","24","100.0000","44201","Ozone","176","Chicago-Naperville-Michigan City, IL-IN-WI","16980","Chicago-Naperville-Joliet, IL-IN-WI","55","Wisconsin","059","Kenosha","42.504722","-87.809300"
"06/14/2001","55-059-0019","1","0.08800","ppm","132.00","24","100.0000","44201","Ozone","176","Chicago-Naperville-Michigan City, IL-IN-WI","16980","Chicago-Naperville-Joliet, IL-IN-WI","55","Wisconsin","059","Kenosha","42.504722","-87.809300"
"06/15/2001","55-059-0019","1","0.04000","ppm","34.00","24","100.0000","44201","Ozone","176","Chicago-Naperville-Michigan City, IL-IN-WI","16980","Chicago-Naperville-Joliet, IL-IN-WI","55","Wisconsin","059","Kenosha","42.504722","-87.809300"
"06/16/2001","55-059-0019","1","0.05100","ppm","43.00","24","100.0000","44201","Ozone","176","Chicago-Naperville-Michigan City, IL-IN-WI","16980","Chicago-Naperville-Joliet, IL-IN-WI","55","Wisconsin","059","Kenosha","42.504722","-87.809300"
"06/17/2001","55-059-0019","1","0.06800","ppm","77.00","24","100.0000","44201","Ozone","176","Chicago-Naperville-Michigan City, IL-IN-WI","16980","Chicago-Naperville-Joliet, IL-IN-WI","55","Wisconsin","059","Kenosha","42.504722","-87.809300"
"06/18/2001","55-059-0019","1","0.07700","ppm","104.00","24","100.0000","44201","Ozone","176","Chicago-Naperville-Michigan City, IL-IN-WI","16980","Chicago-Naperville-Joliet, IL-IN-WI","55","Wisconsin","059","Kenosha","42.504722","-87.809300"
"06/19/2001","55-059-0019","1","0.05600","ppm","47.00","24","100.0000","44201","Ozone","176","Chicago-Naperville-Michigan City, IL-IN-WI","16980","Chicago-Naperville-Joliet, IL-IN-WI","55","Wisconsin","059","Kenosha","42.504722","-87.809300"
"06/20/2001","55-059-0019","1","0.06200","ppm","58.00","24","100.0000","44201","Ozone","176","Chicago-Naperville-Michigan City, IL-IN-WI","16980","Chicago-Naperville-Joliet, IL-IN-WI","55","Wisconsin","059","Kenosha","42.504722","-87.809300"
"06/21/2001","55-059-0019","1","0.05900","ppm","50.00","24","100.0000","44201","Ozone","176","Chicago-Naperville-Michigan City, IL-IN-WI","16980","Chicago-Naperville-Joliet, IL-IN-WI","55","Wisconsin","059","Kenosha","42.504722","-87.809300"
"06/22/2001","55-059-0019","1","0.03600","ppm","31.00","24","100.0000","44201","Ozone","176","Chicago-Naperville-Michigan City, IL-IN-WI","16980","Chicago-Naperville-Joliet, IL-IN-WI","55","Wisconsin","059","Kenosha","42.504722","-87.809300"
"06/23/2001","55-059-0019","1","0.04200","ppm","36.00","24","100.0000","44201","Ozone","176","Chicago-Naperville-Michigan City, IL-IN-WI","16980","Chicago-Naperville-Joliet, IL-IN-WI","55","Wisconsin","059","Kenosha","42.504722","-87.809300"
"06/24/2001","55-059-0019","1","0.07700","ppm","104.00","24","100.0000","44201","Ozone","176","Chicago-Naperville-Michigan City, IL-IN-WI","16980","Chicago-Naperville-Joliet, IL-IN-WI","55","Wisconsin","059","Kenosha","42.504722","-87.809300"
"06/25/2001","55-059-0019","1","0.09300","ppm","145.00","24","100.0000","44201","Ozone","176","Chicago-Naperville-Michigan City, IL-IN-WI","16980","Chicago-Naperville-Joliet, IL-IN-WI","55","Wisconsin","059","Kenosha","42.504722","-87.809300"
"06/26/2001","55-059-0019","1","0.08800","ppm","132.00","24","100.0000","44201","Ozone","176","Chicago-Naperville-Michigan City, IL-IN-WI","16980","Chicago-Naperville-Joliet, IL-IN-WI","55","Wisconsin","059","Kenosha","42.504722","-87.809300"
"06/27/2001","55-059-0019","1","0.08600","ppm","127.00","24","100.0000","44201","Ozone","176","Chicago-Naperville-Michigan City, IL-IN-WI","16980","Chicago-Naperville-Joliet, IL-IN-WI","55","Wisconsin","059","Kenosha","42.504722","-87.809300"
"06/28/2001","55-059-0019","1","0.08900","ppm","135.00","24","100.0000","44201","Ozone","176","Chicago-Naperville-Michigan City, IL-IN-WI","16980","Chicago-Naperville-Joliet, IL-IN-WI","55","Wisconsin","059","Kenosha","42.504722","-87.809300"
"06/29/2001","55-059-0019","1","0.10300","ppm","169.00","24","100.0000","44201","Ozone","176","Chicago-Naperville-Michigan City, IL-IN-WI","16980","Chicago-Naperville-Joliet, IL-IN-WI","55","Wisconsin","059","Kenosha","42.504722","-87.809300"
"06/30/2001","55-059-0019","1","0.07600","ppm","101.00","24","100.0000","44201","Ozone","176","Chicago-Naperville-Michigan City, IL-IN-WI","16980","Chicago-Naperville-Joliet, IL-IN-WI","55","Wisconsin","059","Kenosha","42.504722","-87.809300"
"07/01/2001","55-059-0019","1","0.03100","ppm","26.00","24","100.0000","44201","Ozone","176","Chicago-Naperville-Michigan City, IL-IN-WI","16980","Chicago-Naperville-Joliet, IL-IN-WI","55","Wisconsin","059","Kenosha","42.504722","-87.809300"
"07/02/2001","55-059-0019","1","0.04200","ppm","36.00","24","100.0000","44201","Ozone","176","Chicago-Naperville-Michigan City, IL-IN-WI","16980","Chicago-Naperville-Joliet, IL-IN-WI","55","Wisconsin","059","Kenosha","42.504722","-87.809300"
"07/03/2001","55-059-0019","1","0.05100","ppm","43.00","24","100.0000","44201","Ozone","176","Chicago-Naperville-Michigan City, IL-IN-WI","16980","Chicago-Naperville-Joliet, IL-IN-WI","55","Wisconsin","059","Kenosha","42.504722","-87.809300"
"07/04/2001","55-059-0019","1","0.05700","ppm","48.00","24","100.0000","44201","Ozone","176","Chicago-Naperville-Michigan City, IL-IN-WI","16980","Chicago-Naperville-Joliet, IL-IN-WI","55","Wisconsin","059","Kenosha","42.504722","-87.809300"
"07/05/2001","55-059-0019","1","0.03400","ppm","29.00","24","100.0000","44201","Ozone","176","Chicago-Naperville-Michigan City, IL-IN-WI","16980","Chicago-Naperville-Joliet, IL-IN-WI","55","Wisconsin","059","Kenosha","42.504722","-87.809300"
"07/06/2001","55-059-0019","1","0.05000","ppm","42.00","24","100.0000","44201","Ozone","176","Chicago-Naperville-Michigan City, IL-IN-WI","16980","Chicago-Naperville-Joliet, IL-IN-WI","55","Wisconsin","059","Kenosha","42.504722","-87.809300"
"07/07/2001","55-059-0019","1","0.05200","ppm","44.00","24","100.0000","44201","Ozone","176","Chicago-Naperville-Michigan City, IL-IN-WI","16980","Chicago-Naperville-Joliet, IL-IN-WI","55","Wisconsin","059","Kenosha","42.504722","-87.809300"
"07/08/2001","55-059-0019","1","0.06300","ppm","61.00","24","100.0000","44201","Ozone","176","Chicago-Naperville-Michigan City, IL-IN-WI","16980","Chicago-Naperville-Joliet, IL-IN-WI","55","Wisconsin","059","Kenosha","42.504722","-87.809300"
"07/09/2001","55-059-0019","1","0.06600","ppm","71.00","24","100.0000","44201","Ozone","176","Chicago-Naperville-Michigan City, IL-IN-WI","16980","Chicago-Naperville-Joliet, IL-IN-WI","55","Wisconsin","059","Kenosha","42.504722","-87.809300"
"07/10/2001","55-059-0019","1","0.07600","ppm","101.00","24","100.0000","44201","Ozone","176","Chicago-Naperville-Michigan City, IL-IN-WI","16980","Chicago-Naperville-Joliet, IL-IN-WI","55","Wisconsin","059","Kenosha","42.504722","-87.809300"
"07/11/2001","55-059-0019","1","0.04300","ppm","36.00","24","100.0000","44201","Ozone","176","Chicago-Naperville-Michigan City, IL-IN-WI","16980","Chicago-Naperville-Joliet, IL-IN-WI","55","Wisconsin","059","Kenosha","42.504722","-87.809300"
"07/12/2001","55-059-0019","1","0.04200","ppm","36.00","24","100.0000","44201","Ozone","176","Chicago-Naperville-Michigan City, IL-IN-WI","16980","Chicago-Naperville-Joliet, IL-IN-WI","55","Wisconsin","059","Kenosha","42.504722","-87.809300"
"07/13/2001","55-059-0019","1","0.03800","ppm","32.00","24","100.0000","44201","Ozone","176","Chicago-Naperville-Michigan City, IL-IN-WI","16980","Chicago-Naperville-Joliet, IL-IN-WI","55","Wisconsin","059","Kenosha","42.504722","-87.809300"
"07/14/2001","55-059-0019","1","0.07600","ppm","101.00","24","100.0000","44201","Ozone","176","Chicago-Naperville-Michigan City, IL-IN-WI","16980","Chicago-Naperville-Joliet, IL-IN-WI","55","Wisconsin","059","Kenosha","42.504722","-87.809300"
"07/15/2001","55-059-0019","1","0.09200","ppm","142.00","24","100.0000","44201","Ozone","176","Chicago-Naperville-Michigan City, IL-IN-WI","16980","Chicago-Naperville-Joliet, IL-IN-WI","55","Wisconsin","059","Kenosha","42.504722","-87.809300"
"07/16/2001","55-059-0019","1","0.09900","ppm","159.00","24","100.0000","44201","Ozone","176","Chicago-Naperville-Michigan City, IL-IN-WI","16980","Chicago-Naperville-Joliet, IL-IN-WI","55","Wisconsin","059","Kenosha","42.504722","-87.809300"
"07/17/2001","55-059-0019","1","0.08600","ppm","127.00","24","100.0000","44201","Ozone","176","Chicago-Naperville-Michigan City, IL-IN-WI","16980","Chicago-Naperville-Joliet, IL-IN-WI","55","Wisconsin","059","Kenosha","42.504722","-87.809300"
"07/18/2001","55-059-0019","1","0.06500","ppm","67.00","24","100.0000","44201","Ozone","176","Chicago-Naperville-Michigan City, IL-IN-WI","16980","Chicago-Naperville-Joliet, IL-IN-WI","55","Wisconsin","059","Kenosha","42.504722","-87.809300"
"07/19/2001","55-059-0019","1","0.07800","ppm","106.00","24","100.0000","44201","Ozone","176","Chicago-Naperville-Michigan City, IL-IN-WI","16980","Chicago-Naperville-Joliet, IL-IN-WI","55","Wisconsin","059","Kenosha","42.504722","-87.809300"
"07/20/2001","55-059-0019","1","0.07700","ppm","104.00","24","100.0000","44201","Ozone","176","Chicago-Naperville-Michigan City, IL-IN-WI","16980","Chicago-Naperville-Joliet, IL-IN-WI","55","Wisconsin","059","Kenosha","42.504722","-87.809300"
"07/21/2001","55-059-0019","1","0.09000","ppm","137.00","24","100.0000","44201","Ozone","176","Chicago-Naperville-Michigan City, IL-IN-WI","16980","Chicago-Naperville-Joliet, IL-IN-WI","55","Wisconsin","059","Kenosha","42.504722","-87.809300"
"07/22/2001","55-059-0019","1","0.06600","ppm","71.00","24","100.0000","44201","Ozone","176","Chicago-Naperville-Michigan City, IL-IN-WI","16980","Chicago-Naperville-Joliet, IL-IN-WI","55","Wisconsin","059","Kenosha","42.504722","-87.809300"
"07/23/2001","55-059-0019","1","0.05800","ppm","49.00","24","100.0000","44201","Ozone","176","Chicago-Naperville-Michigan City, IL-IN-WI","16980","Chicago-Naperville-Joliet, IL-IN-WI","55","Wisconsin","059","Kenosha","42.504722","-87.809300"
"07/24/2001","55-059-0019","1","0.07400","ppm","97.00","24","100.0000","44201","Ozone","176","Chicago-Naperville-Michigan City, IL-IN-WI","16980","Chicago-Naperville-Joliet, IL-IN-WI","55","Wisconsin","059","Kenosha","42.504722","-87.809300"
"07/25/2001","55-059-0019","1","0.04400","ppm","37.00","24","100.0000","44201","Ozone","176","Chicago-Naperville-Michigan City, IL-IN-WI","16980","Chicago-Naperville-Joliet, IL-IN-WI","55","Wisconsin","059","Kenosha","42.504722","-87.809300"
"07/26/2001","55-059-0019","1","0.04500","ppm","38.00","24","100.0000","44201","Ozone","176","Chicago-Naperville-Michigan City, IL-IN-WI","16980","Chicago-Naperville-Joliet, IL-IN-WI","55","Wisconsin","059","Kenosha","42.504722","-87.809300"
"07/27/2001","55-059-0019","1","0.06300","ppm","61.00","24","100.0000","44201","Ozone","176","Chicago-Naperville-Michigan City, IL-IN-WI","16980","Chicago-Naperville-Joliet, IL-IN-WI","55","Wisconsin","059","Kenosha","42.504722","-87.809300"
"07/28/2001","55-059-0019","1","0.05600","ppm","47.00","24","100.0000","44201","Ozone","176","Chicago-Naperville-Michigan City, IL-IN-WI","16980","Chicago-Naperville-Joliet, IL-IN-WI","55","Wisconsin","059","Kenosha","42.504722","-87.809300"
"07/29/2001","55-059-0019","1","0.06600","ppm","71.00","24","100.0000","44201","Ozone","176","Chicago-Naperville-Michigan City, IL-IN-WI","16980","Chicago-Naperville-Joliet, IL-IN-WI","55","Wisconsin","059","Kenosha","42.504722","-87.809300"
"07/30/2001","55-059-0019","1","0.05900","ppm","50.00","24","100.0000","44201","Ozone","176","Chicago-Naperville-Michigan City, IL-IN-WI","16980","Chicago-Naperville-Joliet, IL-IN-WI","55","Wisconsin","059","Kenosha","42.504722","-87.809300"
"07/31/2001","55-059-0019","1","0.11300","ppm","195.00","24","100.0000","44201","Ozone","176","Chicago-Naperville-Michigan City, IL-IN-WI","16980","Chicago-Naperville-Joliet, IL-IN-WI","55","Wisconsin","059","Kenosha","42.504722","-87.809300"
"08/01/2001","55-059-0019","1","0.08200","ppm","116.00","24","100.0000","44201","Ozone","176","Chicago-Naperville-Michigan City, IL-IN-WI","16980","Chicago-Naperville-Joliet, IL-IN-WI","55","Wisconsin","059","Kenosha","42.504722","-87.809300"
"08/02/2001","55-059-0019","1","0.04600","ppm","39.00","24","100.0000","44201","Ozone","176","Chicago-Naperville-Michigan City, IL-IN-WI","16980","Chicago-Naperville-Joliet, IL-IN-WI","55","Wisconsin","059","Kenosha","42.504722","-87.809300"
"08/03/2001","55-059-0019","1","0.05600","ppm","47.00","24","100.0000","44201","Ozone","176","Chicago-Naperville-Michigan City, IL-IN-WI","16980","Chicago-Naperville-Joliet, IL-IN-WI","55","Wisconsin","059","Kenosha","42.504722","-87.809300"
"08/04/2001","55-059-0019","1","0.05600","ppm","47.00","24","100.0000","44201","Ozone","176","Chicago-Naperville-Michigan City, IL-IN-WI","16980","Chicago-Naperville-Joliet, IL-IN-WI","55","Wisconsin","059","Kenosha","42.504722","-87.809300"
"08/05/2001","55-059-0019","1","0.10100","ppm","164.00","24","100.0000","44201","Ozone","176","Chicago-Naperville-Michigan City, IL-IN-WI","16980","Chicago-Naperville-Joliet, IL-IN-WI","55","Wisconsin","059","Kenosha","42.504722","-87.809300"
"08/06/2001","55-059-0019","1","0.07600","ppm","101.00","24","100.0000","44201","Ozone","176","Chicago-Naperville-Michigan City, IL-IN-WI","16980","Chicago-Naperville-Joliet, IL-IN-WI","55","Wisconsin","059","Kenosha","42.504722","-87.809300"
"08/07/2001","55-059-0019","1","0.06000","ppm","51.00","24","100.0000","44201","Ozone","176","Chicago-Naperville-Michigan City, IL-IN-WI","16980","Chicago-Naperville-Joliet, IL-IN-WI","55","Wisconsin","059","Kenosha","42.504722","-87.809300"
"08/08/2001","55-059-0019","1","0.09300","ppm","145.00","24","100.0000","44201","Ozone","176","Chicago-Naperville-Michigan City, IL-IN-WI","16980","Chicago-Naperville-Joliet, IL-IN-WI","55","Wisconsin","059","Kenosha","42.504722","-87.809300"
"08/09/2001","55-059-0019","1","0.07800","ppm","106.00","24","100.0000","44201","Ozone","176","Chicago-Naperville-Michigan City, IL-IN-WI","16980","Chicago-Naperville-Joliet, IL-IN-WI","55","Wisconsin","059","Kenosha","42.504722","-87.809300"
"08/10/2001","55-059-0019","1","0.03800","ppm","32.00","24","100.0000","44201","Ozone","176","Chicago-Naperville-Michigan City, IL-IN-WI","16980","Chicago-Naperville-Joliet, IL-IN-WI","55","Wisconsin","059","Kenosha","42.504722","-87.809300"
"08/11/2001","55-059-0019","1","0.03700","ppm","31.00","24","100.0000","44201","Ozone","176","Chicago-Naperville-Michigan City, IL-IN-WI","16980","Chicago-Naperville-Joliet, IL-IN-WI","55","Wisconsin","059","Kenosha","42.504722","-87.809300"
"08/12/2001","55-059-0019","1","0.06300","ppm","61.00","24","100.0000","44201","Ozone","176","Chicago-Naperville-Michigan City, IL-IN-WI","16980","Chicago-Naperville-Joliet, IL-IN-WI","55","Wisconsin","059","Kenosha","42.504722","-87.809300"
"08/13/2001","55-059-0019","1","0.04300","ppm","36.00","24","100.0000","44201","Ozone","176","Chicago-Naperville-Michigan City, IL-IN-WI","16980","Chicago-Naperville-Joliet, IL-IN-WI","55","Wisconsin","059","Kenosha","42.504722","-87.809300"
"08/14/2001","55-059-0019","1","0.03900","ppm","33.00","24","100.0000","44201","Ozone","176","Chicago-Naperville-Michigan City, IL-IN-WI","16980","Chicago-Naperville-Joliet, IL-IN-WI","55","Wisconsin","059","Kenosha","42.504722","-87.809300"
"08/15/2001","55-059-0019","1","0.05500","ppm","47.00","24","100.0000","44201","Ozone","176","Chicago-Naperville-Michigan City, IL-IN-WI","16980","Chicago-Naperville-Joliet, IL-IN-WI","55","Wisconsin","059","Kenosha","42.504722","-87.809300"
"08/16/2001","55-059-0019","1","0.04700","ppm","40.00","24","100.0000","44201","Ozone","176","Chicago-Naperville-Michigan City, IL-IN-WI","16980","Chicago-Naperville-Joliet, IL-IN-WI","55","Wisconsin","059","Kenosha","42.504722","-87.809300"
"08/17/2001","55-059-0019","1","0.03900","ppm","33.00","24","100.0000","44201","Ozone","176","Chicago-Naperville-Michigan City, IL-IN-WI","16980","Chicago-Naperville-Joliet, IL-IN-WI","55","Wisconsin","059","Kenosha","42.504722","-87.809300"
"08/18/2001","55-059-0019","1","0.04700","ppm","40.00","24","100.0000","44201","Ozone","176","Chicago-Naperville-Michigan City, IL-IN-WI","16980","Chicago-Naperville-Joliet, IL-IN-WI","55","Wisconsin","059","Kenosha","42.504722","-87.809300"
"08/19/2001","55-059-0019","1","0.04300","ppm","36.00","24","100.0000","44201","Ozone","176","Chicago-Naperville-Michigan City, IL-IN-WI","16980","Chicago-Naperville-Joliet, IL-IN-WI","55","Wisconsin","059","Kenosha","42.504722","-87.809300"
"08/20/2001","55-059-0019","1","0.03800","ppm","32.00","24","100.0000","44201","Ozone","176","Chicago-Naperville-Michigan City, IL-IN-WI","16980","Chicago-Naperville-Joliet, IL-IN-WI","55","Wisconsin","059","Kenosha","42.504722","-87.809300"
"08/21/2001","55-059-0019","1","0.04600","ppm","39.00","24","100.0000","44201","Ozone","176","Chicago-Naperville-Michigan City, IL-IN-WI","16980","Chicago-Naperville-Joliet, IL-IN-WI","55","Wisconsin","059","Kenosha","42.504722","-87.809300"
"08/22/2001","55-059-0019","1","0.05000","ppm","42.00","24","100.0000","44201","Ozone","176","Chicago-Naperville-Michigan City, IL-IN-WI","16980","Chicago-Naperville-Joliet, IL-IN-WI","55","Wisconsin","059","Kenosha","42.504722","-87.809300"
"08/23/2001","55-059-0019","1","0.06300","ppm","61.00","24","100.0000","44201","Ozone","176","Chicago-Naperville-Michigan City, IL-IN-WI","16980","Chicago-Naperville-Joliet, IL-IN-WI","55","Wisconsin","059","Kenosha","42.504722","-87.809300"
"08/24/2001","55-059-0019","1","0.06600","ppm","71.00","24","100.0000","44201","Ozone","176","Chicago-Naperville-Michigan City, IL-IN-WI","16980","Chicago-Naperville-Joliet, IL-IN-WI","55","Wisconsin","059","Kenosha","42.504722","-87.809300"
"08/25/2001","55-059-0019","1","0.04900","ppm","42.00","24","100.0000","44201","Ozone","176","Chicago-Naperville-Michigan City, IL-IN-WI","16980","Chicago-Naperville-Joliet, IL-IN-WI","55","Wisconsin","059","Kenosha","42.504722","-87.809300"
"08/26/2001","55-059-0019","1","0.05800","ppm","49.00","24","100.0000","44201","Ozone","176","Chicago-Naperville-Michigan City, IL-IN-WI","16980","Chicago-Naperville-Joliet, IL-IN-WI","55","Wisconsin","059","Kenosha","42.504722","-87.809300"
"08/27/2001","55-059-0019","1","0.05100","ppm","43.00","24","100.0000","44201","Ozone","176","Chicago-Naperville-Michigan City, IL-IN-WI","16980","Chicago-Naperville-Joliet, IL-IN-WI","55","Wisconsin","059","Kenosha","42.504722","-87.809300"
"08/28/2001","55-059-0019","1","0.03700","ppm","31.00","24","100.0000","44201","Ozone","176","Chicago-Naperville-Michigan City, IL-IN-WI","16980","Chicago-Naperville-Joliet, IL-IN-WI","55","Wisconsin","059","Kenosha","42.504722","-87.809300"
"08/29/2001","55-059-0019","1","0.05700","ppm","48.00","24","100.0000","44201","Ozone","176","Chicago-Naperville-Michigan City, IL-IN-WI","16980","Chicago-Naperville-Joliet, IL-IN-WI","55","Wisconsin","059","Kenosha","42.504722","-87.809300"
"08/30/2001","55-059-0019","1","0.05100","ppm","43.00","24","100.0000","44201","Ozone","176","Chicago-Naperville-Michigan City, IL-IN-WI","16980","Chicago-Naperville-Joliet, IL-IN-WI","55","Wisconsin","059","Kenosha","42.504722","-87.809300"
"08/31/2001","55-059-0019","1","0.03800","ppm","32.00","24","100.0000","44201","Ozone","176","Chicago-Naperville-Michigan City, IL-IN-WI","16980","Chicago-Naperville-Joliet, IL-IN-WI","55","Wisconsin","059","Kenosha","42.504722","-87.809300"
"09/01/2001","55-059-0019","1","0.04200","ppm","36.00","24","100.0000","44201","Ozone","176","Chicago-Naperville-Michigan City, IL-IN-WI","16980","Chicago-Naperville-Joliet, IL-IN-WI","55","Wisconsin","059","Kenosha","42.504722","-87.809300"
"09/02/2001","55-059-0019","1","0.06200","ppm","58.00","24","100.0000","44201","Ozone","176","Chicago-Naperville-Michigan City, IL-IN-WI","16980","Chicago-Naperville-Joliet, IL-IN-WI","55","Wisconsin","059","Kenosha","42.504722","-87.809300"
"09/03/2001","55-059-0019","1","0.06400","ppm","64.00","24","100.0000","44201","Ozone","176","Chicago-Naperville-Michigan City, IL-IN-WI","16980","Chicago-Naperville-Joliet, IL-IN-WI","55","Wisconsin","059","Kenosha","42.504722","-87.809300"
"09/04/2001","55-059-0019","1","0.03800","ppm","32.00","24","100.0000","44201","Ozone","176","Chicago-Naperville-Michigan City, IL-IN-WI","16980","Chicago-Naperville-Joliet, IL-IN-WI","55","Wisconsin","059","Kenosha","42.504722","-87.809300"
"09/05/2001","55-059-0019","1","0.05600","ppm","47.00","24","100.0000","44201","Ozone","176","Chicago-Naperville-Michigan City, IL-IN-WI","16980","Chicago-Naperville-Joliet, IL-IN-WI","55","Wisconsin","059","Kenosha","42.504722","-87.809300"
"09/06/2001","55-059-0019","1","0.07400","ppm","97.00","24","100.0000","44201","Ozone","176","Chicago-Naperville-Michigan City, IL-IN-WI","16980","Chicago-Naperville-Joliet, IL-IN-WI","55","Wisconsin","059","Kenosha","42.504722","-87.809300"
"09/07/2001","55-059-0019","1","0.04700","ppm","40.00","24","100.0000","44201","Ozone","176","Chicago-Naperville-Michigan City, IL-IN-WI","16980","Chicago-Naperville-Joliet, IL-IN-WI","55","Wisconsin","059","Kenosha","42.504722","-87.809300"
"09/08/2001","55-059-0019","1","0.05300","ppm","45.00","24","100.0000","44201","Ozone","176","Chicago-Naperville-Michigan City, IL-IN-WI","16980","Chicago-Naperville-Joliet, IL-IN-WI","55","Wisconsin","059","Kenosha","42.504722","-87.809300"
"09/09/2001","55-059-0019","1","0.01900","ppm","16.00","24","100.0000","44201","Ozone","176","Chicago-Naperville-Michigan City, IL-IN-WI","16980","Chicago-Naperville-Joliet, IL-IN-WI","55","Wisconsin","059","Kenosha","42.504722","-87.809300"
"09/10/2001","55-059-0019","1","0.03800","ppm","32.00","24","100.0000","44201","Ozone","176","Chicago-Naperville-Michigan City, IL-IN-WI","16980","Chicago-Naperville-Joliet, IL-IN-WI","55","Wisconsin","059","Kenosha","42.504722","-87.809300"
"09/11/2001","55-059-0019","1","0.04500","ppm","38.00","24","100.0000","44201","Ozone","176","Chicago-Naperville-Michigan City, IL-IN-WI","16980","Chicago-Naperville-Joliet, IL-IN-WI","55","Wisconsin","059","Kenosha","42.504722","-87.809300"
"09/12/2001","55-059-0019","1","0.06800","ppm","77.00","24","100.0000","44201","Ozone","176","Chicago-Naperville-Michigan City, IL-IN-WI","16980","Chicago-Naperville-Joliet, IL-IN-WI","55","Wisconsin","059","Kenosha","42.504722","-87.809300"
"09/15/2001","55-059-0019","1","0.03400","ppm","29.00","24","100.0000","44201","Ozone","176","Chicago-Naperville-Michigan City, IL-IN-WI","16980","Chicago-Naperville-Joliet, IL-IN-WI","55","Wisconsin","059","Kenosha","42.504722","-87.809300"
"09/16/2001","55-059-0019","1","0.04800","ppm","41.00","24","100.0000","44201","Ozone","176","Chicago-Naperville-Michigan City, IL-IN-WI","16980","Chicago-Naperville-Joliet, IL-IN-WI","55","Wisconsin","059","Kenosha","42.504722","-87.809300"
"09/17/2001","55-059-0019","1","0.02800","ppm","24.00","24","100.0000","44201","Ozone","176","Chicago-Naperville-Michigan City, IL-IN-WI","16980","Chicago-Naperville-Joliet, IL-IN-WI","55","Wisconsin","059","Kenosha","42.504722","-87.809300"
"09/18/2001","55-059-0019","1","0.06600","ppm","71.00","24","100.0000","44201","Ozone","176","Chicago-Naperville-Michigan City, IL-IN-WI","16980","Chicago-Naperville-Joliet, IL-IN-WI","55","Wisconsin","059","Kenosha","42.504722","-87.809300"
"09/19/2001","55-059-0019","1","0.04300","ppm","36.00","24","100.0000","44201","Ozone","176","Chicago-Naperville-Michigan City, IL-IN-WI","16980","Chicago-Naperville-Joliet, IL-IN-WI","55","Wisconsin","059","Kenosha","42.504722","-87.809300"
"09/20/2001","55-059-0019","1","0.03800","ppm","32.00","24","100.0000","44201","Ozone","176","Chicago-Naperville-Michigan City, IL-IN-WI","16980","Chicago-Naperville-Joliet, IL-IN-WI","55","Wisconsin","059","Kenosha","42.504722","-87.809300"
"09/21/2001","55-059-0019","1","0.02600","ppm","22.00","24","100.0000","44201","Ozone","176","Chicago-Naperville-Michigan City, IL-IN-WI","16980","Chicago-Naperville-Joliet, IL-IN-WI","55","Wisconsin","059","Kenosha","42.504722","-87.809300"
"09/22/2001","55-059-0019","1","0.03800","ppm","32.00","24","100.0000","44201","Ozone","176","Chicago-Naperville-Michigan City, IL-IN-WI","16980","Chicago-Naperville-Joliet, IL-IN-WI","55","Wisconsin","059","Kenosha","42.504722","-87.809300"
"09/23/2001","55-059-0019","1","0.02600","ppm","22.00","24","100.0000","44201","Ozone","176","Chicago-Naperville-Michigan City, IL-IN-WI","16980","Chicago-Naperville-Joliet, IL-IN-WI","55","Wisconsin","059","Kenosha","42.504722","-87.809300"
"09/24/2001","55-059-0019","1","0.03000","ppm","25.00","24","100.0000","44201","Ozone","176","Chicago-Naperville-Michigan City, IL-IN-WI","16980","Chicago-Naperville-Joliet, IL-IN-WI","55","Wisconsin","059","Kenosha","42.504722","-87.809300"
"09/25/2001","55-059-0019","1","0.03300","ppm","28.00","24","100.0000","44201","Ozone","176","Chicago-Naperville-Michigan City, IL-IN-WI","16980","Chicago-Naperville-Joliet, IL-IN-WI","55","Wisconsin","059","Kenosha","42.504722","-87.809300"
"09/26/2001","55-059-0019","1","0.03800","ppm","32.00","24","100.0000","44201","Ozone","176","Chicago-Naperville-Michigan City, IL-IN-WI","16980","Chicago-Naperville-Joliet, IL-IN-WI","55","Wisconsin","059","Kenosha","42.504722","-87.809300"
"09/27/2001","55-059-0019","1","0.03500","ppm","30.00","24","100.0000","44201","Ozone","176","Chicago-Naperville-Michigan City, IL-IN-WI","16980","Chicago-Naperville-Joliet, IL-IN-WI","55","Wisconsin","059","Kenosha","42.504722","-87.809300"
"09/28/2001","55-059-0019","1","0.03000","ppm","25.00","24","100.0000","44201","Ozone","176","Chicago-Naperville-Michigan City, IL-IN-WI","16980","Chicago-Naperville-Joliet, IL-IN-WI","55","Wisconsin","059","Kenosha","42.504722","-87.809300"
"09/29/2001","55-059-0019","1","0.03400","ppm","29.00","24","100.0000","44201","Ozone","176","Chicago-Naperville-Michigan City, IL-IN-WI","16980","Chicago-Naperville-Joliet, IL-IN-WI","55","Wisconsin","059","Kenosha","42.504722","-87.809300"
"09/30/2001","55-059-0019","1","0.04200","ppm","36.00","24","100.0000","44201","Ozone","176","Chicago-Naperville-Michigan City, IL-IN-WI","16980","Chicago-Naperville-Joliet, IL-IN-WI","55","Wisconsin","059","Kenosha","42.504722","-87.809300"
"10/01/2001","55-059-0019","1","0.05300","ppm","45.00","24","100.0000","44201","Ozone","176","Chicago-Naperville-Michigan City, IL-IN-WI","16980","Chicago-Naperville-Joliet, IL-IN-WI","55","Wisconsin","059","Kenosha","42.504722","-87.809300"
"10/02/2001","55-059-0019","1","0.05800","ppm","49.00","24","100.0000","44201","Ozone","176","Chicago-Naperville-Michigan City, IL-IN-WI","16980","Chicago-Naperville-Joliet, IL-IN-WI","55","Wisconsin","059","Kenosha","42.504722","-87.809300"
"10/03/2001","55-059-0019","1","0.06600","ppm","71.00","24","100.0000","44201","Ozone","176","Chicago-Naperville-Michigan City, IL-IN-WI","16980","Chicago-Naperville-Joliet, IL-IN-WI","55","Wisconsin","059","Kenosha","42.504722","-87.809300"
"10/04/2001","55-059-0019","1","0.02400","ppm","20.00","24","100.0000","44201","Ozone","176","Chicago-Naperville-Michigan City, IL-IN-WI","16980","Chicago-Naperville-Joliet, IL-IN-WI","55","Wisconsin","059","Kenosha","42.504722","-87.809300"
"10/05/2001","55-059-0019","1","0.01500","ppm","13.00","24","100.0000","44201","Ozone","176","Chicago-Naperville-Michigan City, IL-IN-WI","16980","Chicago-Naperville-Joliet, IL-IN-WI","55","Wisconsin","059","Kenosha","42.504722","-87.809300"
"10/06/2001","55-059-0019","1","0.03000","ppm","25.00","24","100.0000","44201","Ozone","176","Chicago-Naperville-Michigan City, IL-IN-WI","16980","Chicago-Naperville-Joliet, IL-IN-WI","55","Wisconsin","059","Kenosha","42.504722","-87.809300"
"10/07/2001","55-059-0019","1","0.04000","ppm","34.00","24","100.0000","44201","Ozone","176","Chicago-Naperville-Michigan City, IL-IN-WI","16980","Chicago-Naperville-Joliet, IL-IN-WI","55","Wisconsin","059","Kenosha","42.504722","-87.809300"
"10/08/2001","55-059-0019","1","0.03700","ppm","31.00","24","100.0000","44201","Ozone","176","Chicago-Naperville-Michigan City, IL-IN-WI","16980","Chicago-Naperville-Joliet, IL-IN-WI","55","Wisconsin","059","Kenosha","42.504722","-87.809300"
"10/09/2001","55-059-0019","1","0.04800","ppm","41.00","24","100.0000","44201","Ozone","176","Chicago-Naperville-Michigan City, IL-IN-WI","16980","Chicago-Naperville-Joliet, IL-IN-WI","55","Wisconsin","059","Kenosha","42.504722","-87.809300"
"10/10/2001","55-059-0019","1","0.03400","ppm","29.00","24","100.0000","44201","Ozone","176","Chicago-Naperville-Michigan City, IL-IN-WI","16980","Chicago-Naperville-Joliet, IL-IN-WI","55","Wisconsin","059","Kenosha","42.504722","-87.809300"
"10/11/2001","55-059-0019","1","0.03900","ppm","33.00","24","100.0000","44201","Ozone","176","Chicago-Naperville-Michigan City, IL-IN-WI","16980","Chicago-Naperville-Joliet, IL-IN-WI","55","Wisconsin","059","Kenosha","42.504722","-87.809300"
"10/12/2001","55-059-0019","1","0.03400","ppm","29.00","24","100.0000","44201","Ozone","176","Chicago-Naperville-Michigan City, IL-IN-WI","16980","Chicago-Naperville-Joliet, IL-IN-WI","55","Wisconsin","059","Kenosha","42.504722","-87.809300"
"10/13/2001","55-059-0019","1","0.02800","ppm","24.00","24","100.0000","44201","Ozone","176","Chicago-Naperville-Michigan City, IL-IN-WI","16980","Chicago-Naperville-Joliet, IL-IN-WI","55","Wisconsin","059","Kenosha","42.504722","-87.809300"
"10/14/2001","55-059-0019","1","0.03000","ppm","25.00","24","100.0000","44201","Ozone","176","Chicago-Naperville-Michigan City, IL-IN-WI","16980","Chicago-Naperville-Joliet, IL-IN-WI","55","Wisconsin","059","Kenosha","42.504722","-87.809300"
"10/15/2001","55-059-0019","1","0.02100","ppm","18.00","19","79.0000","44201","Ozone","176","Chicago-Naperville-Michigan City, IL-IN-WI","16980","Chicago-Naperville-Joliet, IL-IN-WI","55","Wisconsin","059","Kenosha","42.504722","-87.809300"
